id, email, firstName, lastName, gender, birthDate, phoneNumber, country, state, city, postalCode, street, ageRisk, healthRisk, jobRisk, livingAreaRisk, price
2,gillian.champlin@hotmail.com,Darcy,Lowe,FEMALE,2005-07-09,+33610203040,Uzbekistan,North Carolina,Walterland,78400,1207 Herman Estate,LOW,LOW,LOW,LOW,
7,leeann.koch@yahoo.com,Michiko,Pollich,FEMALE,1968-02-13,+33610203040,Tuvalu,Washington,Conroyberg,78400,6783 Dietrich Trail,LOW,LOW,LOW,LOW,
10,sylvia.bednar@yahoo.com,Kennith,Moore,MALE,2001-10-18,+33610203040,Greece,Vermont,Port Moiraborough,78400,43381 Leon Orchard,LOW,LOW,LOW,LOW,
13,warren.ruecker@gmail.com,Edgardo,Roob,MALE,1977-04-27,+33610203040,Luxembourg,Missouri,Lake David,78400,6693 Boehm Mills,LOW,LOW,LOW,LOW,
19,elanor.tillman@yahoo.com,Daisey,Batz,FEMALE,1960-04-25,+33610203040,French Southern Territories,Texas,Laurencebury,78400,36154 Jenkins Orchard,LOW,LOW,LOW,LOW,
25,sanora.corkery@hotmail.com,Romeo,Reichel,MALE,1973-05-05,+33610203040,Saint Vincent and the Grenadines,Texas,Ellaberg,78400,946 Florida Ways,LOW,LOW,LOW,LOW,
27,allison.nicolas@yahoo.com,Benedict,Mueller,MALE,1979-01-05,+33610203040,Somalia,Wyoming,Tobystad,78400,31392 Arlen Ridge,LOW,LOW,LOW,LOW,
31,lashunda.abernathy@gmail.com,Micah,Kirlin,FEMALE,1973-01-01,+33610203040,Cyprus,New Mexico,Mohrburgh,78400,1611 Erasmo Square,LOW,LOW,LOW,LOW,
33,raymond.huels@gmail.com,Lorinda,Kling,FEMALE,1986-05-20,+33610203040,Holy See (Vatican City State),Rhode Island,Altenwerthmouth,78400,039 Eugenio Keys,LOW,LOW,LOW,LOW,
38,raul.gorczany@gmail.com,Ellsworth,Heathcote,FEMALE,1994-09-11,+33610203040,Central African Republic,Alaska,Lake Michealchester,78400,314 Everett Pines,LOW,LOW,LOW,LOW,
40,isobel.terry@yahoo.com,Terrell,Smith,MALE,1971-10-31,+33610203040,Tonga,Montana,East Talishaberg,78400,745 Zenobia Lodge,LOW,LOW,LOW,LOW,
44,amber.heaney@hotmail.com,Ray,Kunde,FEMALE,1983-07-10,+33610203040,Kazakhstan,Montana,Beatrischester,78400,98605 Mauro Union,LOW,LOW,LOW,LOW,
47,travis.barrows@hotmail.com,Louis,Roberts,MALE,1964-08-31,+33610203040,Senegal,California,Hellerport,78400,26534 Hills Common,LOW,LOW,LOW,LOW,
51,wes.hills@yahoo.com,Dorene,Hettinger,FEMALE,1990-12-16,+33610203040,Portugal,Kentucky,Daughertyport,78400,4569 Ortiz Lakes,LOW,LOW,LOW,LOW,
53,candice.braun@yahoo.com,Myriam,Kerluke,MALE,1982-04-07,+33610203040,Chile,Alaska,Jacobsonside,78400,0309 Beula Dam,LOW,LOW,LOW,LOW,
57,ingrid.schuster@gmail.com,Florrie,Volkman,MALE,1997-12-27,+33610203040,Malta,Nebraska,Alveraport,78400,36107 Osinski Shoal,LOW,LOW,LOW,LOW,
3,carie.weissnat@yahoo.com,Kathaleen,Gorczany,MALE,1971-06-19,+33610203040,Armenia,New York,Jerrodmouth,78400,76344 Art Hollow,LOW,LOW,LOW,LOW,
9,adrian.muller@yahoo.com,Chase,Walsh,FEMALE,1970-04-13,+33610203040,Somalia,California,Port Barrie,78400,4421 Hyun Light,LOW,LOW,LOW,LOW,
15,easter.adams@gmail.com,Roscoe,Mohr,MALE,1994-06-30,+33610203040,Mongolia,Massachusetts,South Virgenland,78400,26174 Beatty Dale,LOW,LOW,LOW,LOW,
18,gertha.russel@yahoo.com,Jerome,Deckow,MALE,1978-03-11,+33610203040,Ethiopia,West Virginia,Port Jenice,78400,514 Pollich Corner,LOW,LOW,LOW,LOW,
20,carrol.graham@gmail.com,Clifford,Ebert,FEMALE,1997-03-22,+33610203040,Cambodia,Idaho,Lake Marcton,78400,761 Agueda Tunnel,LOW,LOW,LOW,LOW,
24,helaine.gaylord@yahoo.com,Stacey,Homenick,MALE,1991-10-05,+33610203040,Republic of Korea,Mississippi,Harrisville,78400,062 Waters Road,LOW,LOW,LOW,LOW,
26,hosea.simonis@gmail.com,Philomena,Smitham,MALE,1984-12-07,+33610203040,Jersey,South Dakota,South Shardahaven,78400,644 Mohr Extension,LOW,LOW,LOW,LOW,
30,gregorio.ward@hotmail.com,Robin,Littel,MALE,1996-03-12,+33610203040,Nepal,Maine,Jameymouth,78400,507 Goodwin Cliff,LOW,LOW,LOW,LOW,
34,edison.schimmel@gmail.com,Huey,Rath,MALE,1994-10-20,+33610203040,Nigeria,Maryland,Charityville,78400,006 Crissy Turnpike,LOW,LOW,LOW,LOW,
42,kristopher.romaguera@gmail.com,Delta,Halvorson,MALE,1992-09-28,+33610203040,Sudan,New York,Purdyville,78400,2446 Jonathan Parkway,LOW,LOW,LOW,LOW,
48,ahmed.wolff@gmail.com,Vince,Torp,FEMALE,1999-12-22,+33610203040,Iran,Pennsylvania,New Joelfort,78400,42207 My Place,LOW,LOW,LOW,LOW,
55,shauna.haley@gmail.com,Alfreda,Muller,MALE,1983-05-31,+33610203040,India,Colorado,Blockside,78400,643 Desiree Inlet,LOW,LOW,LOW,LOW,
4,dorethea.thiel@hotmail.com,Velvet,Jacobson,FEMALE,1977-09-23,+33610203040,Norway,Maryland,Stokesmouth,78400,91402 Marcellus Courts,LOW,LOW,LOW,LOW,
6,celena.beahan@hotmail.com,Thanh,Kunze,FEMALE,1988-08-03,+33610203040,Liberia,North Dakota,West Jacintohaven,78400,7572 Yundt Estate,LOW,LOW,LOW,LOW,
11,alexander.corkery@gmail.com,Mack,Feeney,MALE,1987-11-09,+33610203040,India,West Virginia,Hesselport,78400,00693 Melissa Glens,LOW,LOW,LOW,LOW,
14,darwin.labadie@yahoo.com,Mae,Metz,MALE,2004-12-29,+33610203040,Jersey,Ohio,Leschtown,78400,65075 Wunsch Forest,LOW,LOW,LOW,LOW,
17,chester.wisoky@gmail.com,George,White,MALE,1971-09-30,+33610203040,Honduras,South Carolina,Noreneland,78400,081 VonRueden Shore,LOW,LOW,LOW,LOW,
21,maia.toy@yahoo.com,Earlene,O'Kon,FEMALE,1990-06-04,+33610203040,Kazakhstan,Alaska,New Carole,78400,070 Sanora Rue,LOW,LOW,LOW,LOW,
23,kory.robel@yahoo.com,Sheba,Simonis,FEMALE,1979-08-16,+33610203040,French Southern Territories,Arizona,East Elliot,78400,56114 Guillermo Stravenue,LOW,LOW,LOW,LOW,
29,harlan.kuvalis@gmail.com,Connie,Ankunding,MALE,2003-10-09,+33610203040,Mongolia,North Carolina,New Shelli,78400,915 Noble Plains,LOW,LOW,LOW,LOW,
35,quiana.lueilwitz@yahoo.com,Jackie,Hyatt,MALE,1960-01-03,+33610203040,Brunei Darussalam,Wyoming,Volkmanstad,78400,6961 Breanna Mission,LOW,LOW,LOW,LOW,
37,arlean.tillman@gmail.com,Marlene,Schuster,FEMALE,1968-02-21,+33610203040,Serbia,Missouri,Port Fletcherchester,78400,559 Lura Ranch,LOW,LOW,LOW,LOW,
39,israel.adams@gmail.com,Chu,Smith,FEMALE,1985-10-03,+33610203040,Portugal,Colorado,Ammietown,78400,597 Funk Alley,LOW,LOW,LOW,LOW,
45,horace.kirlin@yahoo.com,Charley,Feest,FEMALE,2001-05-29,+33610203040,Guernsey,North Carolina,Wehnerville,78400,8805 Kiyoko Camp,LOW,LOW,LOW,LOW,
49,ryann.balistreri@gmail.com,Tanna,Kuvalis,FEMALE,1973-09-17,+33610203040,Guatemala,Texas,Langworthville,78400,29254 Toy Garden,LOW,LOW,LOW,LOW,
52,evelin.rosenbaum@hotmail.com,Darby,Pouros,FEMALE,1997-02-22,+33610203040,Oman,Texas,Breitenbergbury,78400,89802 Keeling Mountain,LOW,LOW,LOW,LOW,
56,harlan.langworth@yahoo.com,Eric,Fritsch,MALE,1959-11-24,+33610203040,Paraguay,Indiana,Cristburgh,78400,577 Lavada Heights,LOW,LOW,LOW,LOW,
59,julie.strosin@hotmail.com,Asa,Gerhold,FEMALE,1983-01-24,+33610203040,Ecuador,Maine,Earlestad,78400,7478 Bartoletti Crest,LOW,LOW,LOW,LOW,
5,joni.johns@yahoo.com,Earle,Gerhold,FEMALE,1995-12-27,+33610203040,El Salvador,Iowa,Towneborough,78400,932 Bette Haven,LOW,LOW,LOW,LOW,
8,leonard.ernser@yahoo.com,Kym,Gleichner,FEMALE,1995-01-17,+33610203040,Rwanda,Arkansas,Waltraudside,78400,306 Hilpert Wells,LOW,LOW,LOW,LOW,
12,minh.moen@yahoo.com,Luvenia,Predovic,FEMALE,1993-01-12,+33610203040,Solomon Islands,Alabama,Danyellehaven,78400,0318 Shemeka Lights,LOW,LOW,LOW,LOW,
16,carmelo.labadie@yahoo.com,Rudy,Jaskolski,MALE,1985-09-15,+33610203040,Syrian Arab Republic,South Carolina,Waylonborough,78400,82300 Harland Mountain,LOW,LOW,LOW,LOW,
22,coralee.brakus@yahoo.com,Everett,Leuschke,MALE,1972-03-25,+33610203040,Zimbabwe,Delaware,West Winfredmouth,78400,773 Sipes River,LOW,LOW,LOW,LOW,
28,felecia.ohara@gmail.com,Richard,Harris,MALE,1964-10-29,+33610203040,Afghanistan,Texas,Anabelstad,78400,11287 Glory Lodge,LOW,LOW,LOW,LOW,
32,clement.orn@gmail.com,Erline,Kuphal,FEMALE,1973-08-13,+33610203040,Djibouti,Alabama,Bashirianburgh,78400,4320 Hermiston Burgs,LOW,LOW,LOW,LOW,
36,nydia.lind@gmail.com,Cori,Spinka,MALE,1986-08-10,+33610203040,Brazil,Idaho,Faheyport,78400,411 Stark Valleys,LOW,LOW,LOW,LOW,
41,houston.lueilwitz@hotmail.com,Arlena,Quitzon,MALE,1984-12-17,+33610203040,Austria,Mississippi,Conroyborough,78400,2607 Georgia River,LOW,LOW,LOW,LOW,
43,tristan.feeney@yahoo.com,Wilbur,Smitham,FEMALE,1982-10-30,+33610203040,Mayotte,Wisconsin,Huelland,78400,641 Jean Overpass,LOW,LOW,LOW,LOW,
46,gerald.murazik@hotmail.com,Sanford,Stiedemann,MALE,2000-03-15,+33610203040,United Arab Emirates,Minnesota,West Aldenview,78400,46772 Konopelski Spring,LOW,LOW,LOW,LOW,
50,alesha.wiegand@hotmail.com,Abram,O'Keefe,MALE,2005-06-22,+33610203040,Nepal,Nebraska,West Dionport,78400,20033 Altenwerth Drive,LOW,LOW,LOW,LOW,
54,franchesca.berge@gmail.com,Malika,Hermiston,FEMALE,1992-12-12,+33610203040,Italy,Louisiana,DuBuquefurt,78400,9111 Moshe Shoal,LOW,LOW,LOW,LOW,
58,nathan.vonrueden@gmail.com,Man,Cummings,MALE,1997-08-11,+33610203040,Argentina,Indiana,North Herma,78400,82756 Demetra Summit,LOW,LOW,LOW,LOW,
